{
  "Version": "1.0",
  "OrgId": 228360,
  "ClientId": "46234f43-0000-1000-4014-e1e1e11124e0",
  "ClientName": "Merriweather Farms",
  "FarmId": "4641d448-0000-1000-4033-e1e1e11124e0",
  "FarmName": "JT",
  "FieldId": "e61b83f4-3a12-431e-8010-596f2466dc27",
  "FieldName": "01",
  "Operation": "Harvest",
  "CropSeason": 2015,
  "CropToken": "CORN_WET",
  "FieldOperationId": "MjI4MzYwXzU2MzkzOGQ4ZGQ0ODY4MDg3ODQ3NWFlNA",
  "FieldOperationStartDate": "2015-10-08T20:11:11.4Z",
  "FileCreatedTimeStamp": "2016-10-21T15:46:42.9524Z",
  "DataAttributes": [
    {
      "Name": "DISTANCE",
      "Unit": "ft",
      "Description": "Distance Travelled From Previous Point"
    },
    {
      "Name": "SWATHWIDTH",
      "Unit": "ft",
      "Description": "Width Of Element"
    },
    {
      "Name": "VRYIELDVOL",
      "Unit": "bu1ac-1",
      "Description": "Yield as Volume"
    },
    {
      "Name": "SECTIONID",
      "Description": "Element Id"
    },
    {
      "Name": "Crop",
      "Description": "CropId"
    },
    {
      "Name": "Moisture",
      "Unit": "prcnt",
      "Description": "Moisture"
    },
    {
      "Name": "WetMass",
      "Unit": "lb1ac-1",
      "Description": "Wet Mass"
    },
    {
      "Name": "Time",
      "Description": "Timestamp"
    },
    {
      "Name": "Heading",
      "Description": "Machine Heading"
    },
    {
      "Name": "VARIETY",
      "Description": "Variety Name"
    }
  ]
}