{
  "Version": "1.0",
  "OrgId": 228360,
  "ClientId": "46234f43-0000-1000-4014-e1e1e11124e0",
  "ClientName": "Merriweather Farms",
  "FarmId": "4641d448-0000-1000-4033-e1e1e11124e0",
  "FarmName": "JT",
  "FieldId": "e61b83f4-3a12-431e-8010-596f2466dc27",
  "FieldName": "01",
  "Operation": "Seeding",
  "CropSeason": 2015,
  "CropToken": "CORN_WET",
  "FieldOperationId": "MjI4MzYwXzU2MzkzOGQ4ZGQ0ODY4MDg3ODQ3NWFlNQ",
  "FieldOperationStartDate": "2015-04-11T21:38:31Z",
  "FileCreatedTimeStamp": "2016-10-21T15:47:17.1086Z",
  "DataAttributes": [
    {
      "Name": "Time",
      "Description": "Timestamp"
    },
    {
      "Name": "Crop",
      "Description": "CropId"
    },
    {
      "Name": "AppliedRate",
      "Unit": "seeds1ac-1",
      "Description": "Applied Rate"
    },
    {
      "Name": "SWATHWIDTH",
      "Unit": "ft",
      "Description": "Width Of Element"
    },
    {
      "Name": "DISTANCE",
      "Unit": "ft",
      "Description": "Distance Travelled From Previous Point"
    },
    {
      "Name": "Heading",
      "Description": "Machine Heading"
    },
    {
      "Name": "SECTIONID",
      "Description": "Element Id"
    },
    {
      "Name": "TargetRate",
      "Unit": "seeds1ac-1",
      "Description": "Target Rate"
    },
    {
      "Name": "ControlRate",
      "Unit": "seeds1ac-1",
      "Description": "Control Rate"
    },
    {
      "Name": "Variety",
      "Description": "Variety Name"
    }
  ]
}