{
  "Version": "1.0",
  "OrgId": 228360,
  "ClientId": "46234f43-0000-1000-4014-e1e1e11124e0",
  "ClientName": "Merriweather Farms",
  "FarmId": "4641d448-0000-1000-4033-e1e1e11124e0",
  "FarmName": "JT",
  "FieldId": "e61b83f4-3a12-431e-8010-596f2466dc27",
  "FieldName": "01",
  "Operation": "Application",
  "CropSeason": 2015,
  "Product": {
    "ProductName": "Tank Mix",
    "BrandName": "",
    "TankMix": true,
    "Rate": {
      "Value": 12.5,
      "Unit": "gal1ac-1"
    },
    "Components": [
      {
        "Carrier": false,
        "Name": "Outlook",
        "Rate": {
          "Value": 21.0,
          "Unit": "floz1ac-1"
        }
      },
      {
        "Carrier": true,
        "Name": "32-0-0 UAN",
        "Rate": {
          "Value": 12.5,
          "Unit": "gal1ac-1"
        }
      }
    ]
  },
  "FieldOperationId": "MjI4MzYwXzU2MzkzOGQ4ZGQ0ODY4MDg3ODQ3NWFlMg",
  "FieldOperationStartDate": "2015-04-12T14:55:26.8Z",
  "FileCreatedTimeStamp": "2016-10-21T15:47:53.4332Z",
  "DataAttributes": [
    {
      "Name": "Time",
      "Description": "Timestamp"
    },
    {
      "Name": "Heading",
      "Description": "Machine Heading"
    },
    {
      "Name": "DISTANCE",
      "Unit": "ft",
      "Description": "Distance Travelled From Previous Point"
    },
    {
      "Name": "SWATHWIDTH",
      "Unit": "ft",
      "Description": "Width Of Element"
    },
    {
      "Name": "Product",
      "Description": "Product Name"
    },
    {
      "Name": "SECTIONID",
      "Description": "Element Id"
    },
    {
      "Name": "AppliedRate",
      "Unit": "gal1ac-1",
      "Description": "Applied Rate"
    },
    {
      "Name": "ControlRate",
      "Unit": "gal1ac-1",
      "Description": "Control Rate"
    },
    {
      "Name": "TargetRate",
      "Unit": "gal1ac-1",
      "Description": "Target Rate"
    }
  ]
}